name,insta
Influencer 1,thebodycoach
Influencer 2,aaroncgshore
Influencer 3,lucymeck1
Influencer 4,danosborneofficial
Influencer 5,charlottedawsy
Influencer 6,slimmingworld
Influencer 7,chessieking
Influencer 8,thefitnesschef_
Influencer 9,aliceliveing
Influencer 10,ohpolly
Influencer 11,oliviadbowen
Influencer 12,chloe.khan
Influencer 13,ini.helen
Influencer 14,jesswright77
Influencer 15,_jackfowler_
Influencer 16,brown.elle
Influencer 17,jessica_rose_uk
Influencer 18,mac_griffiths_
Influencer 19,gabbydawnallen
Influencer 20,jesshunt2
Influencer 21,katiepiper_
Influencer 22,korisampson
Influencer 23,itsalwayshana
Influencer 24,sylvijaa
Influencer 25,adamcollard
Influencer 26,jamesgshore
Influencer 27,mattdoesfitness
Influencer 28,rogersnipes
Influencer 29,courtneydblack
Influencer 30,jamessmithpt
