Competitor Name,Word,Count
bulk,protein,2105
bulk,price,1376
bulk,special,1327
bulk,code,1296
bulk,product,923
bulk,drop,753
bulk,best,692
bulk,spend,651
bulk,pricefromregular,648
bulk,priceprice,640
bulk,supplements,615
bulk,vitamin,544
bulk,co,488
bulk,nutrition,482
bulk,per,481
bulk,diet,468
bulk,powder,418
bulk,bulk,391
bulk,vegan,387
bulk,range,372
formnutrition,co,1651
formnutrition,protein,408
formnutrition,rt,407
formnutrition,nutrition,237
formnutrition,form,237
formnutrition,findform,227
formnutrition,formnutrition,211
formnutrition,ingredients,211
formnutrition,health,180
formnutrition,great,168
formnutrition,tbsp,168
formnutrition,performance,162
formnutrition,help,159
formnutrition,best,153
formnutrition,vegan,152
formnutrition,plant,143
formnutrition,add,140
formnutrition,new,138
formnutrition,tsp,138
formnutrition,dr,132
indisupplements,price,86
indisupplements,indi,80
indisupplements,nutrition,68
indisupplements,body,67
indisupplements,surprisinglysimplesupplements,67
indisupplements,personal,65
indisupplements,health,59
indisupplements,plant,58
indisupplements,link,57
indisupplements,may,56
indisupplements,order,56
indisupplements,mind,55
indisupplements,protein,54
indisupplements,wholefoods,50
indisupplements,naturalsupplements,49
indisupplements,bio,48
indisupplements,information,48
indisupplements,sleep,45
indisupplements,supplements,45
indisupplements,exercise,45
medterra.international,co,1435
medterra.international,cbd,1201
medterra.international,rt,994
medterra.international,medterracbd,830
medterra.international,hemp,490
medterra.international,medterra,441
medterra.international,ourcbd,201
medterra.international,yourhealth,196
medterra.international,ministryofhemp,187
medterra.international,health,183
medterra.international,wellness,169
medterra.international,new,154
medterra.international,cannabinoids,127
medterra.international,products,122
medterra.international,educate,102
medterra.international,help,101
medterra.international,cannabis,100
medterra.international,oil,98
medterra.international,good,95
medterra.international,today,89
motionnutrition,co,1296
motionnutrition,rt,550
motionnutrition,motionnutrition,353
motionnutrition,joewelstead,260
motionnutrition,unplug,220
motionnutrition,sleep,184
motionnutrition,organic,155
motionnutrition,protein,154
motionnutrition,power,106
motionnutrition,new,106
motionnutrition,best,97
motionnutrition,good,96
motionnutrition,today,89
motionnutrition,health,84
motionnutrition,motion,83
motionnutrition,time,79
motionnutrition,love,77
motionnutrition,brain,75
motionnutrition,nutrition,70
motionnutrition,free,68
neat_nutrition,co,2098
neat_nutrition,protein,504
neat_nutrition,neat,471
neat_nutrition,nutrition,182
neat_nutrition,workout,181
neat_nutrition,time,150
neat_nutrition,chocolate,143
neat_nutrition,rt,142
neat_nutrition,need,136
neat_nutrition,vegan,127
neat_nutrition,make,116
neat_nutrition,help,110
neat_nutrition,best,105
neat_nutrition,shake,105
neat_nutrition,try,104
neat_nutrition,breakfast,104
neat_nutrition,sleep,102
neat_nutrition,new,100
neat_nutrition,recipe,100
neat_nutrition,find,98
neurohacker,co,2951
neurohacker,neurohacker,918
neurohacker,brain,539
neurohacker,listen,477
neurohacker,gt,470
neurohacker,health,466
neurohacker,qualia,445
neurohacker,neurohacking,424
neurohacker,discussion,354
neurohacker,podcast,350
neurohacker,nootropics,312
neurohacker,sleep,302
neurohacker,click,297
neurohacker,discuss,278
neurohacker,stress,240
neurohacker,body,222
neurohacker,learn,217
neurohacker,hear,209
neurohacker,mind,206
neurohacker,founder,203
thenue_co,co,601
thenue_co,skin,496
thenue_co,hair,256
thenue_co,health,172
thenue_co,nue,150
thenue_co,growth,145
thenue_co,information,144
thenue_co,barrier,139
thenue_co,stress,129
thenue_co,supplements,128
thenue_co,gut,127
thenue_co,new,126
thenue_co,healthy,119
thenue_co,services,118
thenue_co,help,112
thenue_co,body,105
thenue_co,fragrance,104
thenue_co,vitamin,101
thenue_co,every,101
thenue_co,food,96
liveinnermost,co,1963
liveinnermost,protein,857
liveinnermost,innermost,698
liveinnermost,health,544
liveinnermost,liveinnermost,487
liveinnermost,ingredients,358
liveinnermost,products,337
liveinnermost,help,335
liveinnermost,time,308
liveinnermost,booster,289
liveinnermost,shipping,285
liveinnermost,energy,274
liveinnermost,body,267
liveinnermost,workout,267
liveinnermost,muscle,260
liveinnermost,capsules,252
liveinnermost,best,239
liveinnermost,click,232
liveinnermost,also,222
liveinnermost,check,212
puresport,cbd,931
puresport,co,487
puresport,puresport,236
puresport,help,229
puresport,sleep,228
puresport,body,192
puresport,health,181
puresport,products,175
puresport,stress,173
puresport,pain,158
puresport,balm,137
puresport,mg,137
puresport,may,137
puresport,effects,135
puresport,cannabis,133
puresport,time,117
puresport,using,117
puresport,run,115
puresport,oil,114
puresport,thc,113
